Column Name,Mean,Median,Mode,Most Common Value,Most Common Value Frequency,Least Common Value,Least Common Value Frequency,Standard Deviation,Variance
time_in_hospital,4.420274530146442,4.0,,3.0,17444.0,14.0,1041.0,2.991273205852338,8.947715392050124
num_lab_procedures,43.173716132636365,44.0,,1.0,3154.0,107.0,1.0,19.691483579851145,387.75452557554723
num_procedures,1.350275328199194,1.0,,0.0,45680.0,5.0,3063.0,1.7109134016859606,2.927224668068625
num_medications,16.117822513068113,15.0,,13.0,6038.0,81.0,1.0,8.116423750037574,65.876334490174
number_outpatient,0.37256095127887956,0.0,,0.0,83632.0,34.0,1.0,1.2740742236097742,1.623265127266849
number_emergency,0.19901440485216074,0.0,,0.0,88958.0,28.0,1.0,0.9335410456665542,0.8714988839442033
number_inpatient,0.6394696939467699,0.0,,0.0,66383.0,21.0,1.0,1.2627730889255961,1.5945958741146915
