Column Name,Mean,Median,Mode,Least Common Value,Least Common Value Frequency,Most Common Value,Most Common Value Frequency,Standard Deviation,Variance
time_in_hospital,4.395986871843248,4.0,,14.0,1042.0,3.0,17756.0,2.985107767471267,8.910868383417293
num_lab_procedures,43.09564098028811,44.0,,107.0,1.0,1.0,3208.0,19.674362249142124,387.0805299104688
num_procedures,1.339730361810428,1.0,,5.0,3078.0,0.0,46652.0,1.705806979121159,2.909777450018454
num_medications,16.021844230882614,15.0,,81.0,1.0,13.0,6086.0,8.127566209167284,66.05733248439786
number_outpatient,0.36935715268360747,0.0,,34.0,1.0,0.0,85027.0,1.267265096532678,1.6059608248899775
number_emergency,0.19783621248747127,0.0,,28.0,1.0,0.0,90383.0,0.9304722684224636,0.8657786423032451
number_inpatient,0.635565906098304,0.0,,17.0,1.0,0.0,67630.0,1.2628632900973236,1.5948236894754368
